{
  "random_forest": {
    "accuracy": 0.9733599733599734,
    "classification_report": {
      "1": {
        "precision": 0.9591362126245847,
        "recall": 0.9613719613719613,
        "f1-score": 0.9602527856311326,
        "support": 3003.0
      },
      "6": {
        "precision": 0.9612817089452603,
        "recall": 0.9590409590409591,
        "f1-score": 0.9601600266711119,
        "support": 3003.0
      },
      "7": {
        "precision": 0.9996669996669997,
        "recall": 0.9996669996669997,
        "f1-score": 0.9996669996669997,
        "support": 3003.0
      },
      "accuracy": 0.9733599733599734,
      "macro avg": {
        "precision": 0.9733616404122816,
        "recall": 0.9733599733599734,
        "f1-score": 0.9733599373230813,
        "support": 9009.0
      },
      "weighted avg": {
        "precision": 0.9733616404122816,
        "recall": 0.9733599733599734,
        "f1-score": 0.9733599373230812,
        "support": 9009.0
      }
    },
    "confusion_matrix": [
      [
        2887,
        116,
        0
      ],
      [
        122,
        2880,
        1
      ],
      [
        1,
        0,
        3002
      ]
    ]
  },
  "logistic_regression": {
    "accuracy": 0.8205128205128205,
    "classification_report": {
      "1": {
        "precision": 0.7453966005665722,
        "recall": 0.700965700965701,
        "f1-score": 0.7224987128882787,
        "support": 3003.0
      },
      "6": {
        "precision": 0.7177875549968573,
        "recall": 0.7605727605727606,
        "f1-score": 0.7385610347615198,
        "support": 3003.0
      },
      "7": {
        "precision": 1.0,
        "recall": 1.0,
        "f1-score": 1.0,
        "support": 3003.0
      },
      "accuracy": 0.8205128205128205,
      "macro avg": {
        "precision": 0.8210613851878099,
        "recall": 0.8205128205128206,
        "f1-score": 0.8203532492165996,
        "support": 9009.0
      },
      "weighted avg": {
        "precision": 0.8210613851878098,
        "recall": 0.8205128205128205,
        "f1-score": 0.8203532492165995,
        "support": 9009.0
      }
    },
    "confusion_matrix": [
      [
        2105,
        898,
        0
      ],
      [
        719,
        2284,
        0
      ],
      [
        0,
        0,
        3003
      ]
    ]
  },
  "svm": {
    "accuracy": 0.8202908202908203,
    "classification_report": {
      "1": {
        "precision": 0.746178457163171,
        "recall": 0.698967698967699,
        "f1-score": 0.7218019257221459,
        "support": 3003.0
      },
      "6": {
        "precision": 0.7167919799498746,
        "recall": 0.7619047619047619,
        "f1-score": 0.7386602098466505,
        "support": 3003.0
      },
      "7": {
        "precision": 0.9996671105193076,
        "recall": 1.0,
        "f1-score": 0.9998335275511903,
        "support": 3003.0
      },
      "accuracy": 0.8202908202908203,
      "macro avg": {
        "precision": 0.8208791825441177,
        "recall": 0.8202908202908202,
        "f1-score": 0.8200985543733289,
        "support": 9009.0
      },
      "weighted avg": {
        "precision": 0.8208791825441176,
        "recall": 0.8202908202908203,
        "f1-score": 0.8200985543733289,
        "support": 9009.0
      }
    },
    "confusion_matrix": [
      [
        2099,
        904,
        0
      ],
      [
        714,
        2288,
        1
      ],
      [
        0,
        0,
        3003
      ]
    ]
  }
}